{"cameraMode":{"drawMode":0,"name":"Shaded","section":"Shading Mode"},"sceneLighting":false,"audioPlay":false,"sceneViewState":{"m_AlwaysRefresh":false,"showFog":true,"showSkybox":true,"showFlares":true,"showImageEffects":true,"showParticleSystems":true,"showVisualEffectGraphs":true,"m_FxEnabled":false},"in2DMode":false,"pivot":{"x":2.9700002670288088,"y":1.509140968322754,"z":0.07700002193450928},"rotation":{"x":-0.2579870820045471,"y":-0.0220035333186388,"z":0.005876428913325071,"w":-0.9659092426300049},"size":5.8084001541137699,"orthographic":false}